id,name,category,description
PHL-1000,Bishop Benson Kamau,Philanthropist,"Bishop Benson Kamau is recognized for sustained charitable outreach and community support, rallying resources to uplift vulnerable families across Kenya."
PHL-1001,Erick Omondi,Philanthropist,"Erick Omondi is recognized for sustained charitable outreach and community support, rallying resources to uplift vulnerable families across Kenya."
PHL-1002,Jeremy Damaries,Philanthropist,"Jeremy Damaries is recognized for sustained charitable outreach and community support, rallying resources to uplift vulnerable families across Kenya."
PHL-1003,Kennedy Odede,Philanthropist,"Kennedy Odede is recognized for sustained charitable outreach and community support, rallying resources to uplift vulnerable families across Kenya."
PHL-1004,Shofco,Philanthropist,"Shofco is recognized for sustained charitable outreach and community support, rallying resources to uplift vulnerable families across Kenya."
PHL-1005,Dan Wema,Philanthropist,"Dan Wema is recognized for sustained charitable outreach and community support, rallying resources to uplift vulnerable families across Kenya."
PHL-1006,Moses Mwenda,Philanthropist,"Moses Mwenda is recognized for sustained charitable outreach and community support, rallying resources to uplift vulnerable families across Kenya."
PHL-1007,Ndugu Nyoro,Philanthropist,"Ndugu Nyoro is recognized for sustained charitable outreach and community support, rallying resources to uplift vulnerable families across Kenya."
PHL-1008,Gladys Muthoni Kirumba,Philanthropist,"Gladys Muthoni Kirumba is recognized for sustained charitable outreach and community support, rallying resources to uplift vulnerable families across Kenya."
PHL-1009,Dorea Chege,Philanthropist,"Dorea Chege is recognized for sustained charitable outreach and community support, rallying resources to uplift vulnerable families across Kenya."
PHL-1010,Akothee,Philanthropist,"Akothee is recognized for sustained charitable outreach and community support, rallying resources to uplift vulnerable families across Kenya."
PHL-1011,Anita Soina,Philanthropist,"Anita Soina is recognized for sustained charitable outreach and community support, rallying resources to uplift vulnerable families across Kenya."
PHL-1012,Kairetu Jenny,Philanthropist,"Kairetu Jenny is recognized for sustained charitable outreach and community support, rallying resources to uplift vulnerable families across Kenya."
PHL-1013,Vivian Onano,Philanthropist,"Vivian Onano is recognized for sustained charitable outreach and community support, rallying resources to uplift vulnerable families across Kenya."
PHL-1014,Massawe Japanni,Philanthropist,"Massawe Japanni is recognized for sustained charitable outreach and community support, rallying resources to uplift vulnerable families across Kenya."
BAM-3000,Eric Omondi,Brand Ambassador,"Eric Omondi has become a trusted face for leading brands, blending authenticity with wide reach to drive relatable, value-first campaigns."
BAM-3001,Njugush,Brand Ambassador,"Njugush has become a trusted face for leading brands, blending authenticity with wide reach to drive relatable, value-first campaigns."
BAM-3002,Muthee Ndegenye,Brand Ambassador,"Muthee Ndegenye has become a trusted face for leading brands, blending authenticity with wide reach to drive relatable, value-first campaigns."
BAM-3003,CEO Bruce,Brand Ambassador,"CEO Bruce has become a trusted face for leading brands, blending authenticity with wide reach to drive relatable, value-first campaigns."
BAM-3004,Githua Mani,Brand Ambassador,"Githua Mani has become a trusted face for leading brands, blending authenticity with wide reach to drive relatable, value-first campaigns."
BAM-3005,Mbote Njogu,Brand Ambassador,"Mbote Njogu has become a trusted face for leading brands, blending authenticity with wide reach to drive relatable, value-first campaigns."
BAM-3006,Alfred Koech –sergent,Brand Ambassador,"Alfred Koech –sergent has become a trusted face for leading brands, blending authenticity with wide reach to drive relatable, value-first campaigns."
BAM-3007,Jay Kahiu,Brand Ambassador,"Jay Kahiu has become a trusted face for leading brands, blending authenticity with wide reach to drive relatable, value-first campaigns."
BAM-3008,Roy Kanyi,Brand Ambassador,"Roy Kanyi has become a trusted face for leading brands, blending authenticity with wide reach to drive relatable, value-first campaigns."
BAM-3009,Eliud Kipchoge,Brand Ambassador,"Eliud Kipchoge, a global marathon icon, leverages sport and influence to uplift communities and inspire excellence."
BAM-3010,Omanyala,Brand Ambassador,"Omanyala has become a trusted face for leading brands, blending authenticity with wide reach to drive relatable, value-first campaigns."
BAM-3011,Kagwe Mungai,Brand Ambassador,"Kagwe Mungai has become a trusted face for leading brands, blending authenticity with wide reach to drive relatable, value-first campaigns."
BAM-3012,Bradley The Genz,Brand Ambassador,"Bradley The Genz has become a trusted face for leading brands, blending authenticity with wide reach to drive relatable, value-first campaigns."
BAM-3013,DJ Dibul,Brand Ambassador,"DJ Dibul is a standout DJ and culture shaper, known for energetic sets and audience connection."
BAM-3014,Bahati,Brand Ambassador,"Bahati has become a trusted face for leading brands, blending authenticity with wide reach to drive relatable, value-first campaigns."
BAM-3015,Tom Daktari,Brand Ambassador,"Tom Daktari has become a trusted face for leading brands, blending authenticity with wide reach to drive relatable, value-first campaigns."
BAM-3016,Baba Talisha,Brand Ambassador,"Baba Talisha has become a trusted face for leading brands, blending authenticity with wide reach to drive relatable, value-first campaigns."
BAM-3017,Kabugi,Brand Ambassador,"Kabugi has become a trusted face for leading brands, blending authenticity with wide reach to drive relatable, value-first campaigns."
BAM-3018,Godana Wako (prince Chaala),Brand Ambassador,"Godana Wako (prince Chaala) has become a trusted face for leading brands, blending authenticity with wide reach to drive relatable, value-first campaigns."
BAM-3019,Cobra Ambuchi,Brand Ambassador,"Cobra Ambuchi has become a trusted face for leading brands, blending authenticity with wide reach to drive relatable, value-first campaigns."
BAM-3020,Carol Radull,Brand Ambassador,"Carol Radull has become a trusted face for leading brands, blending authenticity with wide reach to drive relatable, value-first campaigns."
BAM-3021,Gladys Muthoni Wakirumba,Brand Ambassador,"Gladys Muthoni Wakirumba has become a trusted face for leading brands, blending authenticity with wide reach to drive relatable, value-first campaigns."
BAM-3022,Awinja Nyamwalo,Brand Ambassador,"Awinja Nyamwalo has become a trusted face for leading brands, blending authenticity with wide reach to drive relatable, value-first campaigns."
BAM-3023,Diana Bahati,Brand Ambassador,"Diana Bahati has become a trusted face for leading brands, blending authenticity with wide reach to drive relatable, value-first campaigns."
BAM-3024,Sarah Hassan,Brand Ambassador,"Sarah Hassan has become a trusted face for leading brands, blending authenticity with wide reach to drive relatable, value-first campaigns."
BAM-3025,Nadia Mukami,Brand Ambassador,"Nadia Mukami has become a trusted face for leading brands, blending authenticity with wide reach to drive relatable, value-first campaigns."
BAM-3026,It's Morin,Brand Ambassador,"It's Morin has become a trusted face for leading brands, blending authenticity with wide reach to drive relatable, value-first campaigns."
BAM-3027,Celestine Ndinda,Brand Ambassador,"Celestine Ndinda has become a trusted face for leading brands, blending authenticity with wide reach to drive relatable, value-first campaigns."
BAM-3028,Sheryl Gabriella,Brand Ambassador,"Sheryl Gabriella has become a trusted face for leading brands, blending authenticity with wide reach to drive relatable, value-first campaigns."
BAM-3029,Mamito,Brand Ambassador,"Mamito has become a trusted face for leading brands, blending authenticity with wide reach to drive relatable, value-first campaigns."
BAM-3030,Vicky Brilliance,Brand Ambassador,"Vicky Brilliance has become a trusted face for leading brands, blending authenticity with wide reach to drive relatable, value-first campaigns."
BAM-3031,Naomi Kuria,Brand Ambassador,"Naomi Kuria has become a trusted face for leading brands, blending authenticity with wide reach to drive relatable, value-first campaigns."
BAM-3032,Jantex Jerop,Brand Ambassador,"Jantex Jerop has become a trusted face for leading brands, blending authenticity with wide reach to drive relatable, value-first campaigns."
BL-2000,Alinur Mohamed,Blogger,"Alinur Mohamed publishes consistent, insightful posts that spark conversation and keep audiences informed on culture, business and everyday life."
BL-2001,Derric Mbugua,Blogger,"Derric Mbugua publishes consistent, insightful posts that spark conversation and keep audiences informed on culture, business and everyday life."
BL-2002,Cyprian Is,Blogger,"Cyprian Is publishes consistent, insightful posts that spark conversation and keep audiences informed on culture, business and everyday life."
BL-2003,Nyakundi,Blogger,"Nyakundi publishes consistent, insightful posts that spark conversation and keep audiences informed on culture, business and everyday life."
BL-2004,Ne,Blogger,"Ne publishes consistent, insightful posts that spark conversation and keep audiences informed on culture, business and everyday life."
BL-2005,Yiolo Live,Blogger,"Yiolo Live publishes consistent, insightful posts that spark conversation and keep audiences informed on culture, business and everyday life."
BL-2006,Moseax,Blogger,"Moseax publishes consistent, insightful posts that spark conversation and keep audiences informed on culture, business and everyday life."
BL-2007,Ronnie Chirchir,Blogger,"Ronnie Chirchir publishes consistent, insightful posts that spark conversation and keep audiences informed on culture, business and everyday life."
BL-2008,Diky Sleek,Blogger,"Diky Sleek publishes consistent, insightful posts that spark conversation and keep audiences informed on culture, business and everyday life."
BL-2009,Allan Ke,Blogger,"Allan Ke publishes consistent, insightful posts that spark conversation and keep audiences informed on culture, business and everyday life."
BL-2010,Alberto Nyakundi Amenya Bananapeddler,Blogger,"Alberto Nyakundi Amenya Bananapeddler publishes consistent, insightful posts that spark conversation and keep audiences informed on culture, business and everyday life."
BL-2011,Richkidd Wizzy Photography,Blogger,"Richkidd Wizzy Photography publishes consistent, insightful posts that spark conversation and keep audiences informed on culture, business and everyday life."
BL-2012,Mutai Mtandao,Blogger,"Mutai Mtandao publishes consistent, insightful posts that spark conversation and keep audiences informed on culture, business and everyday life."
BL-2013,Kimutai.co.ke,Blogger,"Kimutai.co.ke publishes consistent, insightful posts that spark conversation and keep audiences informed on culture, business and everyday life."
BL-2014,Ndungu Harun,Blogger,"Ndungu Harun publishes consistent, insightful posts that spark conversation and keep audiences informed on culture, business and everyday life."
BL-2015,Simon Mwangi Muthiora,Blogger,"Simon Mwangi Muthiora publishes consistent, insightful posts that spark conversation and keep audiences informed on culture, business and everyday life."
BL-2016,Shujaa Humphrey,Blogger,"Shujaa Humphrey publishes consistent, insightful posts that spark conversation and keep audiences informed on culture, business and everyday life."
BL-2017,Odhiambo Levin Opiyo,Blogger,"Odhiambo Levin Opiyo publishes consistent, insightful posts that spark conversation and keep audiences informed on culture, business and everyday life."
BL-2018,Jarunda Jaluth Mambobiad,Blogger,"Jarunda Jaluth Mambobiad publishes consistent, insightful posts that spark conversation and keep audiences informed on culture, business and everyday life."
BL-2019,Purity Nduta Macharia,Blogger,"Purity Nduta Macharia publishes consistent, insightful posts that spark conversation and keep audiences informed on culture, business and everyday life."
BL-2020,Irene Cheptap Oret Jepkogei,Blogger,"Irene Cheptap Oret Jepkogei publishes consistent, insightful posts that spark conversation and keep audiences informed on culture, business and everyday life."
BL-2021,Sharon Mundia,Blogger,"Sharon Mundia publishes consistent, insightful posts that spark conversation and keep audiences informed on culture, business and everyday life."
BL-2022,The Is Ess,Blogger,"The Is Ess publishes consistent, insightful posts that spark conversation and keep audiences informed on culture, business and everyday life."
BL-2023,Lucia Musau,Blogger,"Lucia Musau publishes consistent, insightful posts that spark conversation and keep audiences informed on culture, business and everyday life."
BL-2024,Joy Kendi M,Blogger,"Joy Kendi M publishes consistent, insightful posts that spark conversation and keep audiences informed on culture, business and everyday life."
BL-2025,Jeniffer C. Rono,Blogger,"Jeniffer C. Rono publishes consistent, insightful posts that spark conversation and keep audiences informed on culture, business and everyday life."
BL-2026,Maureen Bandari,Blogger,"Maureen Bandari publishes consistent, insightful posts that spark conversation and keep audiences informed on culture, business and everyday life."
CTC-4000,Mca Tricky,Content Creator,"Mca Tricky crafts engaging, high‑energy content that entertains and educates, building an active community across social platforms."
CTC-4001,Crazy Kennar,Content Creator,"Crazy Kennar crafts engaging, high‑energy content that entertains and educates, building an active community across social platforms."
CTC-4002,Arap Uria,Content Creator,"Arap Uria crafts engaging, high‑energy content that entertains and educates, building an active community across social platforms."
CTC-4003,Kufai,Content Creator,"Kufai crafts engaging, high‑energy content that entertains and educates, building an active community across social platforms."
CTC-4004,Dada Sara,Content Creator,"Dada Sara crafts engaging, high‑energy content that entertains and educates, building an active community across social platforms."
CTC-4005,Yy Comedian,Content Creator,"Yy Comedian crafts engaging, high‑energy content that entertains and educates, building an active community across social platforms."
CTC-4006,Eddie Butita,Content Creator,"Eddie Butita crafts engaging, high‑energy content that entertains and educates, building an active community across social platforms."
CTC-4007,Flaqo,Content Creator,"Flaqo crafts engaging, high‑energy content that entertains and educates, building an active community across social platforms."
CTC-4008,Terence Creative,Content Creator,"Terence Creative crafts engaging, high‑energy content that entertains and educates, building an active community across social platforms."
CTC-4009,Baruthi Wa Thayu,Content Creator,"Baruthi Wa Thayu crafts engaging, high‑energy content that entertains and educates, building an active community across social platforms."
CTC-4010,Nominee 11,Content Creator,"Nominee 11 crafts engaging, high‑energy content that entertains and educates, building an active community across social platforms."
CTC-4011,Propesa,Content Creator,"Propesa crafts engaging, high‑energy content that entertains and educates, building an active community across social platforms."
CTC-4012,Tajirimtoto,Content Creator,"Tajirimtoto crafts engaging, high‑energy content that entertains and educates, building an active community across social platforms."
CTC-4013,Vinnie Baite,Content Creator,"Vinnie Baite crafts engaging, high‑energy content that entertains and educates, building an active community across social platforms."
CTC-4014,Kadong Mwangi Comedian,Content Creator,"Kadong Mwangi Comedian crafts engaging, high‑energy content that entertains and educates, building an active community across social platforms."
CTC-4015,Mr. Mbilimbili,Content Creator,"Mr. Mbilimbili crafts engaging, high‑energy content that entertains and educates, building an active community across social platforms."
CTC-4016,Kinuthia Wanyu,Content Creator,"Kinuthia Wanyu crafts engaging, high‑energy content that entertains and educates, building an active community across social platforms."
CTC-4017,Rii (harrislon K Mburu),Content Creator,"Rii (harrislon K Mburu) crafts engaging, high‑energy content that entertains and educates, building an active community across social platforms."
CTC-4018,CEO Bruce,Content Creator,"CEO Bruce crafts engaging, high‑energy content that entertains and educates, building an active community across social platforms."
CTC-4019,Gogo Small,Content Creator,"Gogo Small crafts engaging, high‑energy content that entertains and educates, building an active community across social platforms."
CTC-4020,Senge Hellena,Content Creator,"Senge Hellena crafts engaging, high‑energy content that entertains and educates, building an active community across social platforms."
CTC-4021,Mojeje Kiazala,Content Creator,"Mojeje Kiazala crafts engaging, high‑energy content that entertains and educates, building an active community across social platforms."
CTC-4022,Nominee,Content Creator,"Nominee crafts engaging, high‑energy content that entertains and educates, building an active community across social platforms."
CTC-4023,Usefulidioty,Content Creator,"Usefulidioty crafts engaging, high‑energy content that entertains and educates, building an active community across social platforms."
CTC-4024,Smile Prince,Content Creator,"Smile Prince crafts engaging, high‑energy content that entertains and educates, building an active community across social platforms."
CTC-4025,Morin Actress,Content Creator,"Morin Actress crafts engaging, high‑energy content that entertains and educates, building an active community across social platforms."
CTC-4026,Auntie Jemimah,Content Creator,"Auntie Jemimah crafts engaging, high‑energy content that entertains and educates, building an active community across social platforms."
CTC-4027,Dem Wa Fb,Content Creator,"Dem Wa Fb crafts engaging, high‑energy content that entertains and educates, building an active community across social platforms."
CTC-4028,Husna Rose,Content Creator,"Husna Rose crafts engaging, high‑energy content that entertains and educates, building an active community across social platforms."
CTC-4029,Velma Adala,Content Creator,"Velma Adala crafts engaging, high‑energy content that entertains and educates, building an active community across social platforms."
CTC-4030,Jackie Matubia,Content Creator,"Jackie Matubia crafts engaging, high‑energy content that entertains and educates, building an active community across social platforms."
CTC-4031,Diana Bahati,Content Creator,"Diana Bahati crafts engaging, high‑energy content that entertains and educates, building an active community across social platforms."
CTC-4032,Azziad Nasenya,Content Creator,"Azziad Nasenya blends dance, fashion and lifestyle content with consistency, turning creativity into lasting community."
CTC-4033,Tess Mwaura,Content Creator,"Tess Mwaura crafts engaging, high‑energy content that entertains and educates, building an active community across social platforms."
CTC-4034,Miss Trudy,Content Creator,"Miss Trudy crafts engaging, high‑energy content that entertains and educates, building an active community across social platforms."
CTC-4035,Lynne Ngugi,Content Creator,Lynne Ngugi tells human‑centered stories that amplify unheard voices and spark meaningful dialogue.
CTC-4036,Mungai Eve,Content Creator,"Mungai Eve crafts engaging, high‑energy content that entertains and educates, building an active community across social platforms."
CTC-4037,Diana Daisy,Content Creator,"Diana Daisy crafts engaging, high‑energy content that entertains and educates, building an active community across social platforms."
CTC-4038,Gau,Content Creator,"Gau crafts engaging, high‑energy content that entertains and educates, building an active community across social platforms."
CTC-4039,Maurine Kabu,Content Creator,"Maurine Kabu crafts engaging, high‑energy content that entertains and educates, building an active community across social platforms."
CTC-4040,Mitchelle Mjaka Mfine,Content Creator,"Mitchelle Mjaka Mfine crafts engaging, high‑energy content that entertains and educates, building an active community across social platforms."
CTC-4041,Sharnize Actress,Content Creator,"Sharnize Actress crafts engaging, high‑energy content that entertains and educates, building an active community across social platforms."
CTC-4042,Just Salet,Content Creator,"Just Salet crafts engaging, high‑energy content that entertains and educates, building an active community across social platforms."
CTC-4043,Angel Atieno,Content Creator,"Angel Atieno crafts engaging, high‑energy content that entertains and educates, building an active community across social platforms."
ENT-5000,Kenjava Wakagoto,Entrepreneur,"Kenjava Wakagoto is noted for building ventures with clear impact—creating jobs, championing quality and turning bold ideas into sustainable growth."
ENT-5001,Prezzo Logistic Mouldings,Entrepreneur,"Prezzo Logistic Mouldings is noted for building ventures with clear impact—creating jobs, championing quality and turning bold ideas into sustainable growth."
ENT-5002,Murage Modern Pacific Faniture,Entrepreneur,"Murage Modern Pacific Faniture is noted for building ventures with clear impact—creating jobs, championing quality and turning bold ideas into sustainable growth."
ENT-5003,Maridady Motors Ltd,Entrepreneur,"Maridady Motors Ltd is noted for building ventures with clear impact—creating jobs, championing quality and turning bold ideas into sustainable growth."
ENT-5004,Mofarm Jm,Entrepreneur,"Mofarm Jm is noted for building ventures with clear impact—creating jobs, championing quality and turning bold ideas into sustainable growth."
ENT-5005,Mwenda Thuranira (mambo Fresh),Entrepreneur,"Mwenda Thuranira (mambo Fresh) is noted for building ventures with clear impact—creating jobs, championing quality and turning bold ideas into sustainable growth."
ENT-5006,Baruthi Wa Thayu,Entrepreneur,"Baruthi Wa Thayu is noted for building ventures with clear impact—creating jobs, championing quality and turning bold ideas into sustainable growth."
ENT-5007,Damaris Wa Dama Spares,Entrepreneur,"Damaris Wa Dama Spares is noted for building ventures with clear impact—creating jobs, championing quality and turning bold ideas into sustainable growth."
ENT-5008,Catherine Wambugu (wambugu Apples),Entrepreneur,"Catherine Wambugu (wambugu Apples) is noted for building ventures with clear impact—creating jobs, championing quality and turning bold ideas into sustainable growth."
ENT-5009,Shikuh Hi-style,Entrepreneur,"Shikuh Hi-style is noted for building ventures with clear impact—creating jobs, championing quality and turning bold ideas into sustainable growth."
ENT-5010,Betty Hamisha (muthoni),Entrepreneur,"Betty Hamisha (muthoni) is noted for building ventures with clear impact—creating jobs, championing quality and turning bold ideas into sustainable growth."
ENT-5011,Esther Muchemi,Entrepreneur,"Esther Muchemi is noted for building ventures with clear impact—creating jobs, championing quality and turning bold ideas into sustainable growth."
ENT-5012,Nana Owiti,Entrepreneur,"Nana Owiti is noted for building ventures with clear impact—creating jobs, championing quality and turning bold ideas into sustainable growth."
ENT-5013,Liz Njuguna,Entrepreneur,"Liz Njuguna is noted for building ventures with clear impact—creating jobs, championing quality and turning bold ideas into sustainable growth."
ENT-5014,Amelina Achieng,Entrepreneur,"Amelina Achieng is noted for building ventures with clear impact—creating jobs, championing quality and turning bold ideas into sustainable growth."
ENT-5015,Anerlisa Muigai,Entrepreneur,"Anerlisa Muigai is noted for building ventures with clear impact—creating jobs, championing quality and turning bold ideas into sustainable growth."
ENT-5016,Hilda Moraa,Entrepreneur,"Hilda Moraa is noted for building ventures with clear impact—creating jobs, championing quality and turning bold ideas into sustainable growth."
ENT-5017,Naisiae Naaadokila,Entrepreneur,"Naisiae Naaadokila is noted for building ventures with clear impact—creating jobs, championing quality and turning bold ideas into sustainable growth."
ENT-5018,Carole Kinoti,Entrepreneur,"Carole Kinoti is noted for building ventures with clear impact—creating jobs, championing quality and turning bold ideas into sustainable growth."
ENT-5019,Njeri Rionge,Entrepreneur,"Njeri Rionge is noted for building ventures with clear impact—creating jobs, championing quality and turning bold ideas into sustainable growth."
ENT-5020,Winjoy Kananu,Entrepreneur,"Winjoy Kananu is noted for building ventures with clear impact—creating jobs, championing quality and turning bold ideas into sustainable growth."
ENT-5021,Hon. Annastacia Muthini Muendoma,Entrepreneur,Hon. Annastacia Muthini Muendoma champions youth and community interests through public service and grassroots engagement.
ENT-5022,Esther Wakimanitv Nduku,Entrepreneur,"Esther Wakimanitv Nduku is noted for building ventures with clear impact—creating jobs, championing quality and turning bold ideas into sustainable growth."
ENT-5023,Maurine Kabu,Entrepreneur,"Maurine Kabu is noted for building ventures with clear impact—creating jobs, championing quality and turning bold ideas into sustainable growth."
YLD-6000,Hon. Babu Owino,Youth Leader,"Hon. Babu Owino amplifies youth voices and drives civic engagement, focusing on opportunity, accountability and meaningful participation."
YLD-6001,Hon. Jalango,Youth Leader,"Hon. Jalango amplifies youth voices and drives civic engagement, focusing on opportunity, accountability and meaningful participation."
YLD-6002,Hon. Ndindi Nyoro,Youth Leader,"Hon. Ndindi Nyoro amplifies youth voices and drives civic engagement, focusing on opportunity, accountability and meaningful participation."
YLD-6003,Hon. John Methu,Youth Leader,"Hon. John Methu amplifies youth voices and drives civic engagement, focusing on opportunity, accountability and meaningful participation."
YLD-6004,Hon. John Paul Mwirigi,Youth Leader,"Hon. John Paul Mwirigi amplifies youth voices and drives civic engagement, focusing on opportunity, accountability and meaningful participation."
YLD-6005,Mwangi Muchiri,Youth Leader,"Mwangi Muchiri amplifies youth voices and drives civic engagement, focusing on opportunity, accountability and meaningful participation."
YLD-6006,Hon,Youth Leader,"Hon amplifies youth voices and drives civic engagement, focusing on opportunity, accountability and meaningful participation."
YLD-6007,Peter,Youth Leader,"Peter amplifies youth voices and drives civic engagement, focusing on opportunity, accountability and meaningful participation."
YLD-6008,Kalerwa,Youth Leader,"Kalerwa amplifies youth voices and drives civic engagement, focusing on opportunity, accountability and meaningful participation."
YLD-6009,Salasya,Youth Leader,"Salasya amplifies youth voices and drives civic engagement, focusing on opportunity, accountability and meaningful participation."
YLD-6010,Fikirini Jacobs,Youth Leader,"Fikirini Jacobs amplifies youth voices and drives civic engagement, focusing on opportunity, accountability and meaningful participation."
YLD-6011,Stephen Letoo,Youth Leader,"Stephen Letoo amplifies youth voices and drives civic engagement, focusing on opportunity, accountability and meaningful participation."
YLD-6012,Hon. Njeri Maina,Youth Leader,"Hon. Njeri Maina amplifies youth voices and drives civic engagement, focusing on opportunity, accountability and meaningful participation."
YLD-6013,Hon. Mbithe Mulinge,Youth Leader,"Hon. Mbithe Mulinge amplifies youth voices and drives civic engagement, focusing on opportunity, accountability and meaningful participation."
YLD-6014,Hon. Cynthia Muge,Youth Leader,"Hon. Cynthia Muge amplifies youth voices and drives civic engagement, focusing on opportunity, accountability and meaningful participation."
YLD-6015,Hon. Linet Toto,Youth Leader,"Hon. Linet Toto amplifies youth voices and drives civic engagement, focusing on opportunity, accountability and meaningful participation."
YLD-6016,Hon. Esther Okenyuri,Youth Leader,"Hon. Esther Okenyuri amplifies youth voices and drives civic engagement, focusing on opportunity, accountability and meaningful participation."
YLD-6017,Karen Nyamu,Youth Leader,"Karen Nyamu amplifies youth voices and drives civic engagement, focusing on opportunity, accountability and meaningful participation."
INV-7000,Sir Bonnie Brands,Innovator,"Sir Bonnie Brands develops practical, people‑centered solutions—turning fresh ideas into tools and services that solve real problems."
INV-7001,Murage Mordern Pacific,Innovator,"Murage Mordern Pacific develops practical, people‑centered solutions—turning fresh ideas into tools and services that solve real problems."
INV-7002,Brobox,Innovator,"Brobox develops practical, people‑centered solutions—turning fresh ideas into tools and services that solve real problems."
INV-7003,MC Kajim,Innovator,"MC Kajim develops practical, people‑centered solutions—turning fresh ideas into tools and services that solve real problems."
INV-7004,Hamo The Professor,Innovator,"Hamo The Professor develops practical, people‑centered solutions—turning fresh ideas into tools and services that solve real problems."
INV-7005,Tr_,Innovator,"Tr_ develops practical, people‑centered solutions—turning fresh ideas into tools and services that solve real problems."
INV-7006,Kalausi,Innovator,"Kalausi develops practical, people‑centered solutions—turning fresh ideas into tools and services that solve real problems."
INV-7007,Simon Plumbing,Innovator,"Simon Plumbing develops practical, people‑centered solutions—turning fresh ideas into tools and services that solve real problems."
INV-7008,Khoja Afrique (musanii),Innovator,"Khoja Afrique (musanii) develops practical, people‑centered solutions—turning fresh ideas into tools and services that solve real problems."
INV-7009,Dan Wema,Innovator,"Dan Wema develops practical, people‑centered solutions—turning fresh ideas into tools and services that solve real problems."
INV-7010,Elvis W,Innovator,"Elvis W develops practical, people‑centered solutions—turning fresh ideas into tools and services that solve real problems."
INV-7011,Kelly Inspiration,Innovator,"Kelly Inspiration develops practical, people‑centered solutions—turning fresh ideas into tools and services that solve real problems."
INV-7012,Presentor Kai,Innovator,"Presentor Kai develops practical, people‑centered solutions—turning fresh ideas into tools and services that solve real problems."
INV-7013,Kelsy Kerubo,Innovator,"Kelsy Kerubo develops practical, people‑centered solutions—turning fresh ideas into tools and services that solve real problems."
INV-7014,Ev Mercy Nungari,Innovator,"Ev Mercy Nungari develops practical, people‑centered solutions—turning fresh ideas into tools and services that solve real problems."
INV-7015,Mercy Maina Official,Innovator,"Mercy Maina Official develops practical, people‑centered solutions—turning fresh ideas into tools and services that solve real problems."
INV-7016,Wangeci Wa Kariuki,Innovator,"Wangeci Wa Kariuki develops practical, people‑centered solutions—turning fresh ideas into tools and services that solve real problems."
INV-7017,Luciana Creative,Innovator,"Luciana Creative develops practical, people‑centered solutions—turning fresh ideas into tools and services that solve real problems."
INV-7018,Nkatha Official,Innovator,"Nkatha Official develops practical, people‑centered solutions—turning fresh ideas into tools and services that solve real problems."
INV-7019,Ann Gatiba,Innovator,"Ann Gatiba develops practical, people‑centered solutions—turning fresh ideas into tools and services that solve real problems."
INV-7020,Njeri Wa Muigai Njoroge,Innovator,"Njeri Wa Muigai Njoroge develops practical, people‑centered solutions—turning fresh ideas into tools and services that solve real problems."
INV-7021,Wairimu Kimani,Innovator,"Wairimu Kimani develops practical, people‑centered solutions—turning fresh ideas into tools and services that solve real problems."
INV-7022,Naisiae Naadokila,Innovator,"Naisiae Naadokila develops practical, people‑centered solutions—turning fresh ideas into tools and services that solve real problems."
INV-7023,Trisha Khalid,Innovator,"Trisha Khalid develops practical, people‑centered solutions—turning fresh ideas into tools and services that solve real problems."
INV-7024,Chelaa Valleygirl,Innovator,"Chelaa Valleygirl develops practical, people‑centered solutions—turning fresh ideas into tools and services that solve real problems."
INV-7025,Betty Bayo,Innovator,"Betty Bayo develops practical, people‑centered solutions—turning fresh ideas into tools and services that solve real problems."
INV-7026,Stacy Wa Digital,Innovator,"Stacy Wa Digital develops practical, people‑centered solutions—turning fresh ideas into tools and services that solve real problems."
INV-7027,Carol Katrue,Innovator,"Carol Katrue develops practical, people‑centered solutions—turning fresh ideas into tools and services that solve real problems."
INV-7028,Maurine Kabu,Innovator,"Maurine Kabu develops practical, people‑centered solutions—turning fresh ideas into tools and services that solve real problems."
INV-7029,Diana Yegon,Innovator,"Diana Yegon develops practical, people‑centered solutions—turning fresh ideas into tools and services that solve real problems."
COM-8000,Mc-gogo,Comedian,"Mc-gogo delivers smart, relatable comedy on stage and online, using humor to connect diverse audiences and spark positive conversations."
COM-8001,Senge Hellena,Comedian,"Senge Hellena delivers smart, relatable comedy on stage and online, using humor to connect diverse audiences and spark positive conversations."
COM-8002,Gogo Small,Comedian,"Gogo Small delivers smart, relatable comedy on stage and online, using humor to connect diverse audiences and spark positive conversations."
COM-8003,Sammy Kioko Comedian,Comedian,"Sammy Kioko Comedian delivers smart, relatable comedy on stage and online, using humor to connect diverse audiences and spark positive conversations."
COM-8004,Jaymo Decin,Comedian,"Jaymo Decin delivers smart, relatable comedy on stage and online, using humor to connect diverse audiences and spark positive conversations."
COM-8005,Mojeje Kiazala,Comedian,"Mojeje Kiazala delivers smart, relatable comedy on stage and online, using humor to connect diverse audiences and spark positive conversations."
COM-8006,Kafengo,Comedian,"Kafengo delivers smart, relatable comedy on stage and online, using humor to connect diverse audiences and spark positive conversations."
COM-8007,Wilson Macharia,Comedian,"Wilson Macharia delivers smart, relatable comedy on stage and online, using humor to connect diverse audiences and spark positive conversations."
COM-8008,Ngano Comedian,Comedian,"Ngano Comedian delivers smart, relatable comedy on stage and online, using humor to connect diverse audiences and spark positive conversations."
COM-8009,Nyonjoro,Comedian,"Nyonjoro delivers smart, relatable comedy on stage and online, using humor to connect diverse audiences and spark positive conversations."
COM-8010,Murife,Comedian,"Murife delivers smart, relatable comedy on stage and online, using humor to connect diverse audiences and spark positive conversations."
COM-8011,Flaqo,Comedian,"Flaqo delivers smart, relatable comedy on stage and online, using humor to connect diverse audiences and spark positive conversations."
COM-8012,Gikonyore,Comedian,"Gikonyore delivers smart, relatable comedy on stage and online, using humor to connect diverse audiences and spark positive conversations."
COM-8013,Vinnie Baite,Comedian,"Vinnie Baite delivers smart, relatable comedy on stage and online, using humor to connect diverse audiences and spark positive conversations."
COM-8014,15. Kartelo Official,Comedian,"15. Kartelo Official delivers smart, relatable comedy on stage and online, using humor to connect diverse audiences and spark positive conversations."
COM-8015,16. Hilarious Auraa,Comedian,"16. Hilarious Auraa delivers smart, relatable comedy on stage and online, using humor to connect diverse audiences and spark positive conversations."
COM-8016,17. Wilson Macharia,Comedian,"17. Wilson Macharia delivers smart, relatable comedy on stage and online, using humor to connect diverse audiences and spark positive conversations."
COM-8017,18. Culture Productions,Comedian,"18. Culture Productions delivers smart, relatable comedy on stage and online, using humor to connect diverse audiences and spark positive conversations."
COM-8018,19. Mato Comedian,Comedian,"19. Mato Comedian delivers smart, relatable comedy on stage and online, using humor to connect diverse audiences and spark positive conversations."
COM-8019,20. Luo Sponsor (mr Principal),Comedian,"20. Luo Sponsor (mr Principal) delivers smart, relatable comedy on stage and online, using humor to connect diverse audiences and spark positive conversations."
COM-8020,21. Kadong Mwangi Comedian,Comedian,"21. Kadong Mwangi Comedian delivers smart, relatable comedy on stage and online, using humor to connect diverse audiences and spark positive conversations."
COM-8021,22. Wanga Comedy,Comedian,"22. Wanga Comedy delivers smart, relatable comedy on stage and online, using humor to connect diverse audiences and spark positive conversations."
COM-8022,Nasra,Comedian,"Nasra delivers smart, relatable comedy on stage and online, using humor to connect diverse audiences and spark positive conversations."
COM-8023,Jemutai,Comedian,"Jemutai delivers smart, relatable comedy on stage and online, using humor to connect diverse audiences and spark positive conversations."
COM-8024,Wanjiru Claire Funs,Comedian,"Wanjiru Claire Funs delivers smart, relatable comedy on stage and online, using humor to connect diverse audiences and spark positive conversations."
COM-8025,Mamito Eunice,Comedian,"Mamito Eunice delivers smart, relatable comedy on stage and online, using humor to connect diverse audiences and spark positive conversations."
COM-8026,Wajoy,Comedian,"Wajoy delivers smart, relatable comedy on stage and online, using humor to connect diverse audiences and spark positive conversations."
COM-8027,Auntie Jemimah,Comedian,"Auntie Jemimah delivers smart, relatable comedy on stage and online, using humor to connect diverse audiences and spark positive conversations."
CCH-9000,Geoffrey Mosiria,Community Champion,Geoffrey Mosiria leads grassroots initiatives that meet everyday needs—from education to livelihoods—quietly moving communities forward.
CCH-9001,Father Kinyua’s Online,Community Champion,Father Kinyua’s Online leads grassroots initiatives that meet everyday needs—from education to livelihoods—quietly moving communities forward.
CCH-9002,Sammy Ondimu Ngare,Community Champion,Sammy Ondimu Ngare leads grassroots initiatives that meet everyday needs—from education to livelihoods—quietly moving communities forward.
CCH-9003,Morara Kebaso,Community Champion,Morara Kebaso leads grassroots initiatives that meet everyday needs—from education to livelihoods—quietly moving communities forward.
CCH-9004,Kururia TV,Community Champion,Kururia TV leads grassroots initiatives that meet everyday needs—from education to livelihoods—quietly moving communities forward.
CCH-9005,Elvis W,Community Champion,Elvis W leads grassroots initiatives that meet everyday needs—from education to livelihoods—quietly moving communities forward.
CCH-9006,7. Ken The Farmer,Community Champion,7. Ken The Farmer leads grassroots initiatives that meet everyday needs—from education to livelihoods—quietly moving communities forward.
CCH-9007,8. Nelson Mike Mithamo Muriuki,Community Champion,8. Nelson Mike Mithamo Muriuki leads grassroots initiatives that meet everyday needs—from education to livelihoods—quietly moving communities forward.
CCH-9008,Voo TV,Community Champion,Voo TV leads grassroots initiatives that meet everyday needs—from education to livelihoods—quietly moving communities forward.
CCH-9009,9. Teacher Mungai,Community Champion,9. Teacher Mungai leads grassroots initiatives that meet everyday needs—from education to livelihoods—quietly moving communities forward.
CCH-9010,10. Tom Daktari,Community Champion,10. Tom Daktari leads grassroots initiatives that meet everyday needs—from education to livelihoods—quietly moving communities forward.
CCH-9011,11. Dan Wema,Community Champion,11. Dan Wema leads grassroots initiatives that meet everyday needs—from education to livelihoods—quietly moving communities forward.
CCH-9012,Shiksha Arora,Community Champion,Shiksha Arora leads grassroots initiatives that meet everyday needs—from education to livelihoods—quietly moving communities forward.
CCH-9013,Wanja Nyarari Rose,Community Champion,Wanja Nyarari Rose leads grassroots initiatives that meet everyday needs—from education to livelihoods—quietly moving communities forward.
CCH-9014,Rev. Joy Benson,Community Champion,Rev. Joy Benson leads grassroots initiatives that meet everyday needs—from education to livelihoods—quietly moving communities forward.
CCH-9015,Tr. Cillah,Community Champion,Tr. Cillah leads grassroots initiatives that meet everyday needs—from education to livelihoods—quietly moving communities forward.
CCH-9016,Wanjiku Stephens,Community Champion,Wanjiku Stephens leads grassroots initiatives that meet everyday needs—from education to livelihoods—quietly moving communities forward.
CCH-9017,Teacher Marion Mukenyi,Community Champion,Teacher Marion Mukenyi leads grassroots initiatives that meet everyday needs—from education to livelihoods—quietly moving communities forward.
CCH-9018,Hon. Sharleen Wambui Maina (shar),Community Champion,Hon. Sharleen Wambui Maina (shar) champions youth and community interests through public service and grassroots engagement.
CCH-9019,Karigithinji,Community Champion,Karigithinji leads grassroots initiatives that meet everyday needs—from education to livelihoods—quietly moving communities forward.
CCH-9020,Rehema Kiteto,Community Champion,Rehema Kiteto leads grassroots initiatives that meet everyday needs—from education to livelihoods—quietly moving communities forward.
CCH-9021,Diana Daisy,Community Champion,Diana Daisy leads grassroots initiatives that meet everyday needs—from education to livelihoods—quietly moving communities forward.
CCH-9022,Gau,Community Champion,Gau leads grassroots initiatives that meet everyday needs—from education to livelihoods—quietly moving communities forward.
CCH-9023,Lynn Ngugi,Community Champion,Lynn Ngugi tells human‑centered stories that amplify unheard voices and spark meaningful dialogue.
INF-9100,Baba Talisha,Influencer,"Baba Talisha uses a strong digital voice to inform and inspire, shaping conversations with credible storytelling and community impact."
INF-9101,Dr. Ofweneke,Influencer,"Dr. Ofweneke drives lively entertainment and topical conversations, using media platforms to inform and uplift audiences."
INF-9102,Oga Obinna,Influencer,"Oga Obinna drives lively entertainment and topical conversations, using media platforms to inform and uplift audiences."
INF-9103,Tom Daktari,Influencer,"Tom Daktari uses a strong digital voice to inform and inspire, shaping conversations with credible storytelling and community impact."
INF-9104,Hamo The Proffesor,Influencer,"Hamo The Proffesor uses a strong digital voice to inform and inspire, shaping conversations with credible storytelling and community impact."
INF-9105,Sandra Dacha,Influencer,"Sandra Dacha uses a strong digital voice to inform and inspire, shaping conversations with credible storytelling and community impact."
INF-9106,Wanja Mwaura,Influencer,"Wanja Mwaura uses a strong digital voice to inform and inspire, shaping conversations with credible storytelling and community impact."
INF-9107,Triza Mamake Muraya,Influencer,"Triza Mamake Muraya uses a strong digital voice to inform and inspire, shaping conversations with credible storytelling and community impact."
INF-9108,Lulu Hassan,Influencer,"Lulu Hassan uses a strong digital voice to inform and inspire, shaping conversations with credible storytelling and community impact."
INF-9109,Dr. Regina King’ori CPA-K,Influencer,"Dr. Regina King’ori CPA-K uses a strong digital voice to inform and inspire, shaping conversations with credible storytelling and community impact."
INF-9110,Naomi Kuria,Influencer,"Naomi Kuria uses a strong digital voice to inform and inspire, shaping conversations with credible storytelling and community impact."
INF-9111,Ecrene Madaga,Influencer,"Ecrene Madaga uses a strong digital voice to inform and inspire, shaping conversations with credible storytelling and community impact."
INF-9112,Milly Chebby,Influencer,"Milly Chebby uses a strong digital voice to inform and inspire, shaping conversations with credible storytelling and community impact."
DJ-9200,Djmokenya,DJ,"Djmokenya energizes crowds with thoughtful selections and seamless mixes, keeping dancefloors and airwaves engaged."
DJ-9201,DJ Macdee Top MC,DJ,"DJ Macdee Top MC energizes crowds with thoughtful selections and seamless mixes, keeping dancefloors and airwaves engaged."
DJ-9202,DJ Dibul,DJ,"DJ Dibul energizes crowds with thoughtful selections and seamless mixes, keeping dancefloors and airwaves engaged."
DJ-9203,DJ Sofia Macharia,DJ,"DJ Sofia Macharia energizes crowds with thoughtful selections and seamless mixes, keeping dancefloors and airwaves engaged."
DJ-9204,DJ Nyc Kenya,DJ,"DJ Nyc Kenya energizes crowds with thoughtful selections and seamless mixes, keeping dancefloors and airwaves engaged."
DJ-9205,DJ Sonnie M,DJ,"DJ Sonnie M energizes crowds with thoughtful selections and seamless mixes, keeping dancefloors and airwaves engaged."
DJ-9206,DJ Slim 254,DJ,"DJ Slim 254 energizes crowds with thoughtful selections and seamless mixes, keeping dancefloors and airwaves engaged."
POD-9300,MC Kogi Investor,Podcast,"MC Kogi Investor hosts compelling conversations that inform, challenge and entertain, making complex topics accessible to everyday listeners."
POD-9301,Guka Wa Nyumba Kumi,Podcast,"Guka Wa Nyumba Kumi hosts compelling conversations that inform, challenge and entertain, making complex topics accessible to everyday listeners."
POD-9302,Jeff Kuria,Podcast,"Jeff Kuria hosts compelling conversations that inform, challenge and entertain, making complex topics accessible to everyday listeners."
POD-9303,Paxson Chege Ngunya,Podcast,"Paxson Chege Ngunya hosts compelling conversations that inform, challenge and entertain, making complex topics accessible to everyday listeners."
POD-9304,Lynne Ngugi,Podcast,Lynne Ngugi tells human‑centered stories that amplify unheard voices and spark meaningful dialogue.
POD-9305,Mic Cheque,Podcast,"Mic Cheque hosts compelling conversations that inform, challenge and entertain, making complex topics accessible to everyday listeners."
POD-9306,The Messy In Between,Podcast,"The Messy In Between hosts compelling conversations that inform, challenge and entertain, making complex topics accessible to everyday listeners."
POD-9307,By The Way,Podcast,"By The Way hosts compelling conversations that inform, challenge and entertain, making complex topics accessible to everyday listeners."
FBP-9400,Sikika Road Safety,Facebook Page,"Sikika Road Safety keeps followers updated with timely stories, verified information and active community engagement."
FBP-9401,Tuko.co.ke,Facebook Page,"Tuko.co.ke keeps followers updated with timely stories, verified information and active community engagement."
FBP-9402,Kenyans.co.ke,Facebook Page,"Kenyans.co.ke keeps followers updated with timely stories, verified information and active community engagement."
FBP-9403,Mwago Wa Mugikuyu,Facebook Page,"Mwago Wa Mugikuyu keeps followers updated with timely stories, verified information and active community engagement."
FBP-9404,Dmk Media Group,Facebook Page,"Dmk Media Group keeps followers updated with timely stories, verified information and active community engagement."
FBP-9405,7 News Global,Facebook Page,"7 News Global keeps followers updated with timely stories, verified information and active community engagement."
FBP-9406,Nairobi Gossip Club,Facebook Page,"Nairobi Gossip Club keeps followers updated with timely stories, verified information and active community engagement."
FBP-9407,Pulse Kenya,Facebook Page,"Pulse Kenya keeps followers updated with timely stories, verified information and active community engagement."
FBP-9408,Malema TV,Facebook Page,"Malema TV keeps followers updated with timely stories, verified information and active community engagement."
TTK-9500,MC Exdus,TikToker,"MC Exdus creates viral, short‑form videos that blend creativity and consistency, turning everyday moments into shareable stories."
TTK-9501,King Of Hearts,TikToker,"King Of Hearts creates viral, short‑form videos that blend creativity and consistency, turning everyday moments into shareable stories."
TTK-9502,Gitahiga Wa Chai,TikToker,"Gitahiga Wa Chai creates viral, short‑form videos that blend creativity and consistency, turning everyday moments into shareable stories."
TTK-9503,Dreamchaser,TikToker,"Dreamchaser creates viral, short‑form videos that blend creativity and consistency, turning everyday moments into shareable stories."
TTK-9504,MC Bull,TikToker,"MC Bull creates viral, short‑form videos that blend creativity and consistency, turning everyday moments into shareable stories."
TTK-9505,Kadong Mwangi Comedian,TikToker,"Kadong Mwangi Comedian creates viral, short‑form videos that blend creativity and consistency, turning everyday moments into shareable stories."
TTK-9506,Moya David,TikToker,"Moya David creates viral, short‑form videos that blend creativity and consistency, turning everyday moments into shareable stories."
TTK-9507,Michael Bundi,TikToker,"Michael Bundi creates viral, short‑form videos that blend creativity and consistency, turning everyday moments into shareable stories."
TTK-9508,Vick Brandon,TikToker,"Vick Brandon creates viral, short‑form videos that blend creativity and consistency, turning everyday moments into shareable stories."
TTK-9509,Dennis Ombachi,TikToker,"Dennis Ombachi creates viral, short‑form videos that blend creativity and consistency, turning everyday moments into shareable stories."
TTK-9510,Onlylitboy,TikToker,"Onlylitboy creates viral, short‑form videos that blend creativity and consistency, turning everyday moments into shareable stories."
TTK-9511,Flaqo,TikToker,"Flaqo creates viral, short‑form videos that blend creativity and consistency, turning everyday moments into shareable stories."
TTK-9512,Just Totally Random (male),TikToker,"Just Totally Random (male) creates viral, short‑form videos that blend creativity and consistency, turning everyday moments into shareable stories."
TTK-9513,Crazy Kennar,TikToker,"Crazy Kennar creates viral, short‑form videos that blend creativity and consistency, turning everyday moments into shareable stories."
TTK-9514,Garissa Boys Comedian,TikToker,"Garissa Boys Comedian creates viral, short‑form videos that blend creativity and consistency, turning everyday moments into shareable stories."
TTK-9515,Colloblue_udc,TikToker,"Colloblue_udc creates viral, short‑form videos that blend creativity and consistency, turning everyday moments into shareable stories."
TTK-9516,Tomezz Martommy,TikToker,"Tomezz Martommy creates viral, short‑form videos that blend creativity and consistency, turning everyday moments into shareable stories."
TTK-9517,Junior Comedian,TikToker,"Junior Comedian creates viral, short‑form videos that blend creativity and consistency, turning everyday moments into shareable stories."
TTK-9518,Njugush,TikToker,"Njugush creates viral, short‑form videos that blend creativity and consistency, turning everyday moments into shareable stories."
TTK-9519,,TikToker," creates viral, short‑form videos that blend creativity and consistency, turning everyday moments into shareable stories."
TTK-9520,Azziad Nasenya,TikToker,"Azziad Nasenya blends dance, fashion and lifestyle content with consistency, turning creativity into lasting community."
TTK-9521,Trisha Khalid,TikToker,"Trisha Khalid creates viral, short‑form videos that blend creativity and consistency, turning everyday moments into shareable stories."
TTK-9522,Alma Mutheu,TikToker,"Alma Mutheu creates viral, short‑form videos that blend creativity and consistency, turning everyday moments into shareable stories."
TTK-9523,Swiry Nyar Kano,TikToker,"Swiry Nyar Kano creates viral, short‑form videos that blend creativity and consistency, turning everyday moments into shareable stories."
TTK-9524,Wabosha Maxine,TikToker,"Wabosha Maxine creates viral, short‑form videos that blend creativity and consistency, turning everyday moments into shareable stories."
TTK-9525,Elsa Majimbo,TikToker,"Elsa Majimbo creates viral, short‑form videos that blend creativity and consistency, turning everyday moments into shareable stories."
TTK-9526,Azz_iad,TikToker,"Azz_iad creates viral, short‑form videos that blend creativity and consistency, turning everyday moments into shareable stories."
TTK-9527,girls_panties,TikToker,"girls_panties creates viral, short‑form videos that blend creativity and consistency, turning everyday moments into shareable stories."
TTK-9528,The Real Queen,TikToker,"The Real Queen creates viral, short‑form videos that blend creativity and consistency, turning everyday moments into shareable stories."
TTK-9529,Mama Kenia,TikToker,"Mama Kenia creates viral, short‑form videos that blend creativity and consistency, turning everyday moments into shareable stories."
TTK-9530,Tr_kalausi,TikToker,"Tr_kalausi creates viral, short‑form videos that blend creativity and consistency, turning everyday moments into shareable stories."
TTK-9531,Alberta Nasieku,TikToker,"Alberta Nasieku creates viral, short‑form videos that blend creativity and consistency, turning everyday moments into shareable stories."
TTK-9532,Peris Kagiri,TikToker,"Peris Kagiri creates viral, short‑form videos that blend creativity and consistency, turning everyday moments into shareable stories."
TTK-9533,Fina (Saarrafina),TikToker,"Fina (Saarrafina) creates viral, short‑form videos that blend creativity and consistency, turning everyday moments into shareable stories."
